batch_size,256
masking_ratio,0.15
lm,12
d_model,256
dropout,0.1
num_heads,4
num_layers,3
Epoch,Train Loss,Val Loss
1,0.06807295800368676,0.005876205504561464
2,0.026224270548628664,0.008346313207099835
3,0.02078608718925509,0.03128017398218314
4,0.02360627885865069,0.003164618865897258
5,0.015983540008122892,0.00178237264820685
6,0.014230576161851829,0.002326588456829389
7,0.014087171764808825,0.0075102413383622965
8,0.01275668848284531,0.00987377023945252
9,0.01422766465479615,0.00325923014121751
10,0.011349961916305896,0.004247711614395181
11,0.011169385892906409,0.005032891205822428
12,0.010515587773687881,0.002396193884002666
13,0.012493649294235926,0.0014137125845688084
14,0.009958468746907752,0.0023094362036014597
15,0.01060010095116222,0.0011399833175043264
Numero epoche,15
Tempo tot,599.2855448722839
Tempo per epoca,39.952369658152264
Epoch,Train Loss,Val Loss
1,0.01783145695453745,0.004228628861407439
2,0.01424159222528681,0.0073211916722357275
3,0.013047705928998432,0.007731657971938451
4,0.023855707982833357,0.017382999882102013
5,0.013382076350008619,0.005440185653666655
6,0.012926264810536442,0.008173281357934077
Numero epoche,6
Tempo tot,242.6183078289032
Tempo per epoca,40.436384638150535
Epoch,Train Loss,Val Loss
1,0.013948607081868526,0.0014835809784320493
Numero epoche,1
Tempo tot,40.235126972198486
Tempo per epoca,40.235126972198486
t,r,a,i,n,_,l,o,s,s,e,s,",", ,v,a,l,_,l,o,s,s,e,s
t,r,a,i,n,_,l,o,s,s,e,s,",", ,v,a,l,_,l,o,s,s,e,s
t,r,a,i,n,_,l,o,s,s,e,s,",", ,v,a,l,_,l,o,s,s,e,s
0,.,0,1,2,9,5,0,6,8,6,4,8,6,3,3,0,8,6,7,",", ,0,.,0,0,6,3,4,8,6,2,9,3,8,8,9,5,8,2,1,6
Numero epoche,1
Tempo tot,40.10793328285217
Tempo per epoca,40.10793328285217
t,r,a,i,n,_,l,o,s,s,e,s,",", ,v,a,l,_,l,o,s,s,e,s
0,.,0,1,3,7,6,0,8,0,8,0,0,4,2,5,9,0,3,5,",", ,0,.,0,0,3,7,4,6,2,9,7,1,4,8,3,6,6,7,6,9
Numero epoche,1
Tempo tot,39.96777057647705
Tempo per epoca,39.96777057647705
train_losses,val_losses
0,.,0,1,2,7,5,9,1,8,0,7,3,4,1,6,9,5,5,2,",", ,0,.,0,0,7,7,9,2,9,4,4,8,6,4,6,8,0,3,6,9
Numero epoche,1
Tempo tot,40.08907341957092
Tempo per epoca,40.08907341957092
train_losses,val_losses
0.012853284955195996,0.003824792771289746
Numero epoche,1
Tempo tot,39.954105854034424
Tempo per epoca,39.954105854034424
